id;nombre;apellido;url_img;user_id;telefono;urlmg
1;lean apropos;instead yowza;besides;29871;what drat boo;yin who
2;till excluding;all ugh similar;idolized apropos;867;yippee;diligent ah
3;above scientific fairly;encouragement that boiling;glossy gently;27827;misspend boldly aha;underneath huzzah
4;regularly;settler smuggle;norm underneath;22830;outrank;frenetically mystify shout
5;understanding pigpen properly;even though;searchingly knowledgeably;28177;where;colonialism wisecrack
6;since zowie once;yowza boo overcharge;and intermesh blah;17434;psst;whisper in boohoo
7;ravioli unfurl eek;enthusiastically intelligent phew;draft indolent sticky;17692;vice yuck;plagiarise boohoo impact
8;boo oxidise rim;whenever;than ew;29915;zowie;whereas readjust although
9;likely;splash pacemaker huff;after;25607;slip;nor impartial tenement
10;fooey till;until stigmatize;circumnavigate;20894;utilized;an old before
